<?xml version="1.0" encoding="UTF-8" ?>
<rss version="2.0">
  <channel>
    <title>PersonaxeRSS</title>
    <link>https://daniellauroba.github.io/personaxeRSS/</link>
    <description>Personaxes</description>
    <image>
      <url>https://www.google.com/imgres?imgurl=http%3A%2F%2F2.bp.blogspot.com%2F-wjF01Fwqe_c%2FVBomMqq8gcI%2FAAAAAAAA9gc%2FLISlcGnUuH4%2Fs1600%2FArrow.jpg&imgrefurl=https%3A%2F%2Fcomicritico.blogspot.com%2F2013%2F10%2Farrow-una-buena-serie-de-superheroes.html&tbnid=242xtvxWWY7O4M&vet=12ahUKEwiY_J3JtLDwAhXJ44UKHeT0BmAQMygMegUIARDRAQ..i&docid=XAF51RzSb3ZXcM&w=1600&h=900&q=arrow&ved=2ahUKEwiY_J3JtLDwAhXJ44UKHeT0BmAQMygMegUIARDRAQ</url>
      <title>PersonaxesRSS</title>
      <link>https://daniellauroba.github.io/personaxeRSS/</link>
    </image>
    
    <item>
      <title>Arrow</title>
      <link>https://daniellauroba.github.io/personaxeRSS/</link>
      <description>Personaxe de serie de accion</description>
    </item>
  </channel>
</rss>
