<?xml version="1.0" encoding="UTF-8" ?>
<rss version="2.0">
  <channel>
    <title>PersonaxeRSS</title>
    <link>https://daniellauroba.github.io/personaxeRSS/</link>
    <description>Personaxes</description>
    <image>
      <url>https://www.google.com/imgres?imgurl=https%3A%2F%2Fimagenes.20minutos.es%2Ffiles%2Farticle_amp%2Fuploads%2Fimagenes%2F2017%2F04%2F12%2F4640848-the-flash-2014-wallpapers-desktop-backgrounds.jpg&imgrefurl=https%3A%2F%2Fwww.20minutos.es%2Fcinemania%2Fseries%2Fthe-flash-la-mejor-creacion-dc-79847%2F&tbnid=tw5Qr3DmMMWmgM&vet=12ahUKEwj1i7b3tLDwAhUV-BoKHWyqALEQMygHegUIARDjAQ..i&docid=esC7yOnIMZcYVM&w=1200&h=675&q=flash&ved=2ahUKEwj1i7b3tLDwAhUV-BoKHWyqALEQMygHegUIARDjAQ</url>
      <title>PersonaxesRSS</title>
      <link>https://daniellauroba.github.io/personaxeRSS/</link>
    </image>
    
    <item>
      <title>Flash</title>
      <link>https://daniellauroba.github.io/personaxeRSS/</link>
      <description>Personaxe de serie de accion</description>
    </item>
   
  </channel>
</rss>
