<?xml version="1.0" encoding="UTF-8" ?>
<rss version="2.0">
  <channel>
    <title>PersonaxeRSS</title>
    <link>https://daniellauroba.github.io/personaxeRSS/</link>
    <description>Personaxes</description>
    <image>
      <url>https://encrypted-tbn0.gstatic.com/images?q=tbn:ANd9GcRHVrKeAk8o9GKRRmujnEzGKDy5IYE4PCXPQw&usqp=CAU</url>
      <title>PersonaxesRSS</title>
      <link>https://daniellauroba.github.io/personaxeRSS/</link>
    </image>
    <item>
      <title>goku</title>
      <link>https://daniellauroba.github.io/personaxeRSS/</link>
      <description>Personaxe Goku anime</description>
    </item>
    
  </channel>
</rss>
