<?xml version="1.0" encoding="UTF-8" ?>
<rss version="2.0">
  <channel>
    <title>PersonaxeRSS</title>
    <link>https://daniellauroba.github.io/personaxeRSS/</link>
    <description>Personaxes</description>
    <image>
      <url>https://cdn.fizgames.com/wp-content/uploads/2019/07/vegeta-242x242.jpg</url>
      <title>PersonaxesRSS</title>
      <link>https://daniellauroba.github.io/personaxeRSS/</link>
    </image>
    
    <item>
      <title>vegeta</title>
      <link>https://daniellauroba.github.io/personaxeRSS/</link>
      <description>Personaxe de anime</description>
    
  </channel>
</rss>
